titulo;data;link;classificacao;motivo;trecho
"Discurso proferido pelo Ministro de Estado das Relações Exteriores, Luiz Alberto Figueiredo Machado, na sessão de abertura dos ""Diálogos sobre Política Externa"" - Palácio Itamaraty, 26 de fevereiro de 2014";26/02/2014;https://www.gov.br/mre/pt-br/canais_atendimento/imprensa/notas-a-imprensa/discurso-proferido-pelo-ministro-de-estado-das-relacoes-exteriores-luiz-alberto-figueiredo-machado-na-sessao-de-abertura-dos-dialogos-sobre-politica-externa-palacio-itamaraty-26-de-fevereiro-de-2014;Relevante;;
Declaração Conjunta dos Ministros de Relações Exteriores do Reino da Espanha e da República Federativa do Brasil – Madri, 18 de março de 2014;18/03/2014;https://www.gov.br/mre/pt-br/canais_atendimento/imprensa/notas-a-imprensa/declaracao-conjunta-dos-ministros-de-relacoes-exteriores-do-reino-da-espanha-e-da-republica-federativa-do-brasil-madri-18-de-marco-de-2014;Relevante;;
Visita do Ministro das Relações Exteriores à Alemanha – Berlim, 21 de março de 2014;20/03/2014;https://www.gov.br/mre/pt-br/canais_atendimento/imprensa/notas-a-imprensa/visita-do-ministro-das-relacoes-exteriores-a-alemanha-berlim-21-de-marco-de-2014;Relevante;;
Visita ao Brasil do Ministro dos Negócios Estrangeiros da Noruega, Børge Brende - Rio de Janeiro e Brasília, 19 e 20 de fevereiro de 2014;20/04/2014;https://www.gov.br/mre/pt-br/canais_atendimento/imprensa/notas-a-imprensa/visita-ao-brasil-do-ministro-dos-negocios-estrangeiros-da-noruega-borge-brende-rio-de-janeiro-e-brasilia-19-e-20-de-fevereiro-de-2014;Relevante;;
Documentos assinados por ocasião da VII Cúpula Brasil–União Europeia – Bruxelas, 24 de fevereiro de 2014;20/04/2014;https://www.gov.br/mre/pt-br/canais_atendimento/imprensa/notas-a-imprensa/documentos-assinados-por-ocasiao-da-vii-cupula-brasil-uniao-europeia-bruxelas-24-de-fevereiro-de-2014;Relevante;;
VII Cúpula Brasil–União Europeia - Bruxelas, 24 de fevereiro de 2014 - Comunicado Conjunto;20/04/2014;https://www.gov.br/mre/pt-br/canais_atendimento/imprensa/notas-a-imprensa/vii-cupula-brasil-uniao-europeia-bruxelas-24-de-fevereiro-de-2014-comunicado-conjunto;Relevante;;
VI Cúpula BRICS – Declaração de Fortaleza – 15 de julho de 2014;15/07/2014;https://www.gov.br/mre/pt-br/canais_atendimento/imprensa/notas-a-imprensa/vi-cupula-brics-declaracao-de-fortaleza-15-de-julho-de-2014;Relevante;;
Declaração conjunta entre Brasil e China por ocasião da visita de Estado do presidente Xi Jinping – Brasília, 17 de julho de 2014;17/07/2014;https://www.gov.br/mre/pt-br/canais_atendimento/imprensa/notas-a-imprensa/declaracao-conjunta-entre-brasil-e-china-por-ocasiao-da-visita-de-estado-do-presidente-xi-jinping-brasilia-17-de-julho-de-2014;Relevante;;
"Relatório da Alta Comissária para Direitos Humanos da ONU sobre ""O Direito à Privacidade na Era Digital""";22/07/2014;https://www.gov.br/mre/pt-br/canais_atendimento/imprensa/notas-a-imprensa/relatorio-da-alta-comissaria-para-direitos-humanos-da-onu-sobre-o-direito-a-privacidade-na-era-digital;Relevante;;
Visita ao Brasil do Primeiro-Ministro do Japão, Shinzo Abe – Comunicado Conjunto – 31 de julho a 2 de agosto de 2014;07/08/2014;https://www.gov.br/mre/pt-br/canais_atendimento/imprensa/notas-a-imprensa/visita-ao-brasil-do-primeiro-ministro-do-japao-shinzo-abe-comunicado-conjunto-31-de-julho-a-2-de-agosto-de-2014;Relevante;;
Documentos aprovados na XLVI Cúpula de Chefes de Estado do MERCOSUL e Estados Associados – Caracas, 29 de julho de 2014;07/08/2014;https://www.gov.br/mre/pt-br/canais_atendimento/imprensa/notas-a-imprensa/documentos-aprovados-na-xlvi-cupula-de-chefes-de-estado-do-mercosul-e-estados-associados-caracas-29-de-julho-de-2014;Relevante;;
Discurso proferido pela Presidenta da República, Dilma Rousseff, na abertura do Debate de Alto Nível da 69ª Assembleia Geral das Nações Unidas (ONU) – Nova York, 24 de setembro de 2014;08/10/2014;https://www.gov.br/mre/pt-br/canais_atendimento/imprensa/notas-a-imprensa/discurso-proferido-pela-presidenta-da-republica-dilma-rousseff-na-abertura-do-debate-de-alto-nivel-da-69-assembleia-geral-das-nacoes-unidas-onu-nova-york-24-de-setembro-de-2014;Relevante;;
Documentos aprovados na XLVII Cúpula de Chefes de Estado do MERCOSUL e Estados Associados - Paraná, Argentina, 17 de dezembro de 2014;18/12/2014;https://www.gov.br/mre/pt-br/canais_atendimento/imprensa/notas-a-imprensa/documentos-aprovados-na-xlvii-cupula-de-chefes-de-estado-do-mercosul-e-estados-associados-parana-argentina-17-de-dezembro-de-2014;Relevante;;
Discurso de Sua Excelência o Senhor Embaixador Mauro Luiz Iecker Vieira, por ocasião da cerimônia de transmissão do cargo de Ministro de Estado das Relações Exteriores - Palácio Itamaraty, 2 de janeiro de 2015;02/01/2015;https://www.gov.br/mre/pt-br/canais_atendimento/imprensa/notas-a-imprensa/discurso-de-sua-excelencia-o-senhor-embaixador-mauro-luiz-iecker-vieira-por-ocasiao-da-cerimonia-de-transmissao-do-cargo-de-ministro-de-estado-das-relacoes-exteriores-palacio-itamaraty-2-de-janeiro-de-2015;Relevante;;
Visita ao Brasil do Ministro do Exterior da República Federal da Alemanha, Frank-Walter Steinmeier – Brasília, 13 de fevereiro de 2015;12/02/2015;https://www.gov.br/mre/pt-br/canais_atendimento/imprensa/notas-a-imprensa/visita-ao-brasil-do-ministro-do-exterior-da-republica-federal-da-alemanha-frank-walter-steinmeier-brasilia-13-de-fevereiro-de-2015;Relevante;;
IV Diálogo Estratégico Brasil – Reino Unido  - Londres, 25 de fevereiro de 2015 - Comunicado Conjunto;27/02/2015;https://www.gov.br/mre/pt-br/canais_atendimento/imprensa/notas-a-imprensa/iv-dialogo-estrategico-brasil-reino-unido-londres-25-de-fevereiro-de-2015-comunicado-conjunto;Relevante;;
"Criação da Relatoria Especial sobre ""O Direito à Privacidade na Era Digital""";26/03/2015;https://www.gov.br/mre/pt-br/canais_atendimento/imprensa/notas-a-imprensa/criacao-da-relatoria-especial-sobre-o-direito-a-privacidade-na-era-digital;Relevante;;
Acordo Marco de Cooperação com a OCDE;08/04/2015;https://www.gov.br/mre/pt-br/canais_atendimento/imprensa/notas-a-imprensa/acordo-marco-de-cooperacao-com-a-ocde;Relevante;;
13º Congresso de Prevenção do Crime e Justiça Criminal - Doha, 12 a 19 de abril de 2015;16/04/2015;https://www.gov.br/mre/pt-br/canais_atendimento/imprensa/notas-a-imprensa/13-congresso-de-prevencao-do-crime-e-justica-criminal-doha-12-a-19-de-abril-de-2015;Relevante;;
Acordo Comercial Expandido Brasil-México – Cidade do México, 26 de maio de 2015;26/05/2015;https://www.gov.br/mre/pt-br/canais_atendimento/imprensa/notas-a-imprensa/acordo-comercial-expandido-brasil-mexico-cidade-do-mexico-26-de-maio-de-2015;Relevante;;
Ata da Quarta Reunião da Comissão Sino-Brasileira de Alto Nível de Concertação e Cooperação (COSBAN);26/06/2015;https://www.gov.br/mre/pt-br/canais_atendimento/imprensa/notas-a-imprensa/ata-da-quarta-reuniao-da-comissao-sino-brasileira-de-alto-nivel-de-concertacao-e-cooperacao-cosban;Relevante;;
Atos assinados por ocasião da visita da Presidenta Dilma Rousseff aos Estados Unidos – Washington, 30 de junho de 2015;30/06/2015;https://www.gov.br/mre/pt-br/canais_atendimento/imprensa/notas-a-imprensa/atos-assinados-por-ocasiao-da-visita-da-presidenta-dilma-rousseff-aos-estados-unidos-washington-30-de-junho-de-2015;Relevante;;
Comunicado Conjunto da Presidenta Dilma Rousseff e do Presidente Barack Obama – Washington, 30 de junho de 2015;30/06/2015;https://www.gov.br/mre/pt-br/canais_atendimento/imprensa/notas-a-imprensa/comunicado-conjunto-da-presidenta-dilma-rousseff-e-do-presidente-barack-obama-washington-30-de-junho-de-2015;Relevante;;
VII Cúpula do BRICS – Plano de Ação – Ufá, Rússia, 9 de julho de 2015;09/07/2015;https://www.gov.br/mre/pt-br/canais_atendimento/imprensa/notas-a-imprensa/vii-cupula-do-brics-plano-de-acao-ufa-russia-9-de-julho-de-2015;Relevante;;
VII Cúpula do BRICS – Declaração de Ufá – Ufá, Rússia, 9 de julho de 2015;09/07/2015;https://www.gov.br/mre/pt-br/canais_atendimento/imprensa/notas-a-imprensa/vii-cupula-do-brics-declaracao-de-ufa-ufa-russia-9-de-julho-de-2015;Relevante;;
Comunicado Conjunto das Presidentas e dos Presidentes dos Estados Partes do MERCOSUL – Brasília, 17 de julho de 2015;18/07/2015;https://www.gov.br/mre/pt-br/canais_atendimento/imprensa/notas-a-imprensa/comunicado-conjunto-das-presidentas-e-dos-presidentes-dos-estados-partes-do-mercosul-brasilia-17-de-julho-de-2015;Relevante;;
Comunicado Conjunto por ocasião das Primeiras Consultas Intergovernamentais de Alto Nível Brasil-Alemanha – Brasília, 20 de agosto de 2015;20/08/2015;https://www.gov.br/mre/pt-br/canais_atendimento/imprensa/notas-a-imprensa/comunicado-conjunto-por-ocasiao-das-primeiras-consultas-intergovernamentais-de-alto-nivel-brasil-alemanha-brasilia-20-de-agosto-de-2015;Relevante;;
Visita ao Brasil de Sua Alteza Real o Príncipe Herdeiro da Noruega – Brasília, 16 de novembro de 2015;13/11/2015;https://www.gov.br/mre/pt-br/canais_atendimento/imprensa/notas-a-imprensa/visita-ao-brasil-de-sua-alteza-real-o-principe-herdeiro-da-noruega-brasilia-16-de-novembro-de-2015;Relevante;;
Negociação Brasil-México para ampliação e aprofundamento do ACE-53 – Troca de Listas de Pedidos Recíprocos;19/12/2015;https://www.gov.br/mre/pt-br/canais_atendimento/imprensa/notas-a-imprensa/negociacao-brasil-mexico-para-ampliacao-e-aprofundamento-do-ace-53-troca-de-listas-de-pedidos-reciprocos;Relevante;;
Resultados da X Conferência Ministerial da Organização Mundial do Comércio – Nairóbi, 15 a 18 de dezembro de 2015;19/12/2015;https://www.gov.br/mre/pt-br/canais_atendimento/imprensa/notas-a-imprensa/resultados-da-x-conferencia-ministerial-da-organizacao-mundial-do-comercio-nairobi-15-a-18-de-dezembro-de-2015;Relevante;;
XII Reunião de Ministros das Relações Exteriores dos Países Membros da OTCA - El Coca, Equador, 3 de maio de 2013 – Declaração de El Coca – texto integral [Espanhol];20/05/2016;https://www.gov.br/mre/pt-br/canais_atendimento/imprensa/notas-a-imprensa/xii-reuniao-de-ministros-das-relacoes-exteriores-dos-paises-membros-da-otca-el-coca-equador-3-de-maio-de-2013-declaracao-de-el-coca-texto-integral-espanhol;Relevante;;
V Cúpula do Fórum de Diálogo Índia, Brasil e África do Sul (IBAS) – Declaração de Tshwane – 18/10/2011;30/05/2016;https://www.gov.br/mre/pt-br/canais_atendimento/imprensa/notas-a-imprensa/v-cupula-do-forum-de-dialogo-india-brasil-e-africa-do-sul-ibas-declaracao-de-tshwane-18-10-2011;Relevante;;
Discurso do Ministro José Serra durante a Reunião Ministerial da Organização Mundial de Comércio (OMC) – Paris, 2 de junho de 2016;02/06/2016;https://www.gov.br/mre/pt-br/canais_atendimento/imprensa/notas-a-imprensa/discurso-do-ministro-jose-serra-durante-a-sessao-reforcando-a-contribuicao-do-comercio-e-do-investimento-para-o-crescimento-inclusivo-da-reuniao-do-conselho-ministerial-da-ocde-paris-2-de-junho-de-2016;Relevante;;
Comunicado dos Líderes do G20 – Cúpula de Hangzhou – 4-5 de setembro de 2016;08/09/2016;https://www.gov.br/mre/pt-br/canais_atendimento/imprensa/notas-a-imprensa/comunicado-dos-lideres-do-g20-cupula-de-hangzhou-4-5-de-setembro-de-2016;Relevante;;
Visita do Presidente da República à Índia – Goa, 17 de outubro de 2016 – Comunicado Conjunto Brasil-Índia;17/10/2016;https://www.gov.br/mre/pt-br/canais_atendimento/imprensa/notas-a-imprensa/visita-do-presidente-da-republica-a-india-goa-17-de-outubro-de-2016-comunicado-conjunto-brasil-india;Relevante;;
Declaração conjunta do presidente da República Federativa do Brasil e do primeiro-ministro da República Portuguesa por ocasião da XII Cimeira Brasil-Portugal;01/11/2016;https://www.gov.br/mre/pt-br/canais_atendimento/imprensa/notas-a-imprensa/declaracao-conjunta-do-presidente-da-republica-federativa-do-brasil-e-do-primeiro-ministro-da-republica-portuguesa-por-ocasiao-da-xii-cimeira-brasil-portugal;Relevante;;
Direito à privacidade na era digital;24/03/2017;https://www.gov.br/mre/pt-br/canais_atendimento/imprensa/notas-a-imprensa/direito-a-privacidade-na-era-digital;Relevante;;
Declaração conjunta aprovada por ocasião da VI Cúpula Brasil–União Europeia - Brasília, 24 de janeiro de 2013;01/06/2017;https://www.gov.br/mre/pt-br/canais_atendimento/imprensa/notas-a-imprensa/declaracao-conjunta-aprovada-por-ocasiao-da-vi-cupula-brasil-uniao-europeia-brasilia-24-de-janeiro-de-2013;Relevante;;
Itamaraty apoia empreendedorismo brasileiro no exterior;06/07/2017;https://www.gov.br/mre/pt-br/canais_atendimento/imprensa/notas-a-imprensa/itamaraty-apoia-empreendedorismo-brasileiro-no-exterior;Relevante;;
Declaração dos Lideres do G20 – Moldando um Mundo Interconectado;08/07/2017;https://www.gov.br/mre/pt-br/canais_atendimento/imprensa/notas-a-imprensa/declaracao-dos-lideres-do-g20-moldando-um-mundo-interconectado;Relevante;;
Declaração de Hamburgo dos Líderes do G20 sobre a Luta contra o Terrorismo;08/07/2017;https://www.gov.br/mre/pt-br/canais_atendimento/imprensa/notas-a-imprensa/declaracao-de-hamburgo-dos-lideres-do-g20-sobre-a-luta-contra-o-terrorismo;Relevante;;
Documentos finais da XXII Reunião Ordinária do Conselho de Ministros da Comunidade dos Países de Língua Portuguesa – Brasília, 20 de julho de 2017;20/07/2017;https://www.gov.br/mre/pt-br/canais_atendimento/imprensa/notas-a-imprensa/documentos-finais-da-xxii-reuniao-ordinaria-do-conselho-de-ministros-da-comunidade-dos-paises-de-lingua-portuguesa-brasilia-em-20-de-julho-de-2017;Relevante;;
V Cúpula Brasil-União Europeia – Declaração Conjunta e Plano de Ação Conjunta – Bruxelas, 4 outubro de 2011;04/08/2017;https://www.gov.br/mre/pt-br/canais_atendimento/imprensa/notas-a-imprensa/v-cupula-brasil-uniao-europeia-declaracao-conjunta-bruxelas-4-outubro-de-2011;Relevante;;
Atos assinados por ocasião da visita ao Brasil da Ministra das Relações Exteriores da Colômbia, María Ángela Holguín – Brasília, 26 de outubro de 2011;15/08/2017;https://www.gov.br/mre/pt-br/canais_atendimento/imprensa/notas-a-imprensa/atos-assinados-por-ocasiao-da-visita-ao-brasil-da-ministra-das-relacoes-exteriores-da-colombia-maria-angela-holguin-brasilia-26-de-outubro-de-2011;Relevante;;
IX Cúpula do BRICS – Declaração de Xiamen – Xiamen, China, 4 de setembro de 2017;04/09/2017;https://www.gov.br/mre/pt-br/canais_atendimento/imprensa/notas-a-imprensa/nona-cupula-do-brics-declaracao-de-xiamen-xiamen-china-4-de-setembro-de-2017;Relevante;;
Visita do Ministro Aloysio Nunes Ferreira à Itália – Comunicado Conjunto;13/11/2017;https://www.gov.br/mre/pt-br/canais_atendimento/imprensa/notas-a-imprensa/visita-do-ministro-aloysio-nunes-ferreira-a-italia-comunicado-conjunto;Relevante;;
Atos assinados por ocasião da visita do Presidente do Estado Plurinacional da Bolívia, Evo Morales;05/12/2017;https://www.gov.br/mre/pt-br/canais_atendimento/imprensa/notas-a-imprensa/atos-assinados-por-ocasiao-da-visita-do-presidente-do-estado-plurinacional-da-bolivia-evo-morales;Relevante;;
Acordo entre a República Federativa do Brasil e o estado de Israel de Previdência Social – 27 de fevereiro de 2018;27/02/2018;https://www.gov.br/mre/pt-br/canais_atendimento/imprensa/notas-a-imprensa/acordo-entre-a-republica-federativa-do-brasil-e-o-estado-de-israel-de-previdencia-social-27-de-fevereiro-de-2018;Relevante;;
Comunicado conjunto entre a República Federativa do Brasil e a República de Singapura – Singapura, 8 de maio de 2018;08/05/2018;https://www.gov.br/mre/pt-br/canais_atendimento/imprensa/notas-a-imprensa/comunicado-conjunto-entre-a-republica-federativa-do-brasil-e-a-republica-de-singapura-por-ocasiao-da-visita-oficial-do-ministro-das-relacoes-exteriores-do-brasil-aloysio-nunes-ferreira-singapura-7-a-9-de-maio-de-2018;Relevante;;
Lançamento das negociações de um Acordo de Comércio entre   o Mercosul e a República da Coreia – 25 de maio de 2018;25/05/2018;https://www.gov.br/mre/pt-br/canais_atendimento/imprensa/notas-a-imprensa/lancamento-das-negociacoes-de-um-acordo-de-comercio-entre-o-mercosul-e-a-republica-da-coreia-25-de-maio-de-2018;Relevante;;
I Rodada Negociadora do Acordo de Livre Comércio  Brasil-Chile – Brasília, 6 a 8 de junho de 2018;08/06/2018;https://www.gov.br/mre/pt-br/canais_atendimento/imprensa/notas-a-imprensa/i-rodada-negociadora-do-acordo-de-livre-comercio-brasil-chile-brasilia-6-a-8-de-junho-de-2018;Relevante;;
Comunicado Conjunto dos Presidentes dos Estados Partes do MERCOSUL e Bolívia – Assunção, 18 de junho de 2018;18/06/2018;https://www.gov.br/mre/pt-br/canais_atendimento/imprensa/notas-a-imprensa/comunicado-conjunto-dos-presidentes-de-estados-partes-do-mercosul-e-bolivia-assuncao-18-de-junho-de-2018;Relevante;;
Diálogo com os Grupos de Engajamento do G20;20/06/2018;https://www.gov.br/mre/pt-br/canais_atendimento/imprensa/notas-a-imprensa/dialogo-com-os-grupos-de-engajamento-do-g20;Relevante;;
X Cúpula dos BRICS – Declaração de Joanesburgo – 27 de julho de 2018 [Inglês];27/07/2018;https://www.gov.br/mre/pt-br/canais_atendimento/imprensa/notas-a-imprensa/x-cupula-dos-brics-declaracao-de-joanesburgo-27-de-julho-de-2018-ingles;Relevante;;
II Rodada Negociadora do Acordo de Livre Comércio Brasil-Chile – Santiago, 7 a 10 de agosto de 2018;13/08/2018;https://www.gov.br/mre/pt-br/canais_atendimento/imprensa/notas-a-imprensa/ii-rodada-negociadora-do-acordo-de-livre-comercio-brasil-chile-santiago-7-a-10-de-agosto-de-2018;Relevante;;
III Rodada de Negociações do Acordo de Livre Comércio Brasil-Chile – Brasilia, 12 a 14 de setembro de 2018;14/09/2018;https://www.gov.br/mre/pt-br/canais_atendimento/imprensa/notas-a-imprensa/iii-rodada-de-negociacoes-do-acordo-de-livre-comercio-brasil-chile-brasilia-12-a-14-de-setembro-de-2018;Relevante;;
Acordo de Livre Comércio Brasil-Chile [Declaração à imprensa];21/11/2018;https://www.gov.br/mre/pt-br/canais_atendimento/imprensa/notas-a-imprensa/acordo-de-livre-comercio-brasil-chile;Relevante;;
Solicitação de atribuição do nome de domínio de primeiro nível “.Amazon”;11/03/2019;https://www.gov.br/mre/pt-br/canais_atendimento/imprensa/notas-a-imprensa/2019/solicitacao-de-atribuicao-do-nome-de-dominio-de-primeiro-nivel-amazon;Relevante;;
Solicitação de atribuição de domínio de primeiro nível “.Amazon”;18/04/2019;https://www.gov.br/mre/pt-br/canais_atendimento/imprensa/notas-a-imprensa/2019/solicitacao-de-atribuicao-de-dominio-de-primeiro-nivel-amazon;Relevante;;
Comércio eletrônico na OMC;03/05/2019;https://www.gov.br/mre/pt-br/canais_atendimento/imprensa/notas-a-imprensa/2019/comercio-eletronico-na-omc-2;Relevante;;
Solicitação de atribuição de domínio de primeiro nível “.Amazon”;20/05/2019;https://www.gov.br/mre/pt-br/canais_atendimento/imprensa/notas-a-imprensa/2019/solicitacao-de-atribuicao-de-dominio-de-primeiro-nivel-amazon-2;Relevante;;
Cúpula do G20 em Osaka;26/06/2019;https://www.gov.br/mre/pt-br/canais_atendimento/imprensa/notas-a-imprensa/2019/cupula-do-g20-em-osaka;Relevante;;
Reunião informal de líderes do BRICS à margem da Cúpula do G20 – Comunicado conjunto de imprensa – Osaka, 28 de junho de 2019;28/06/2019;https://www.gov.br/mre/pt-br/canais_atendimento/imprensa/notas-a-imprensa/2019/reuniao-informal-de-lideres-do-brics-a-margem-da-cupula-do-g20-comunicado-conjunto-de-imprensa-osaka-28-de-junho-de-2019;Relevante;;
Declaração de Osaka sobre Economia Digital;29/06/2019;https://www.gov.br/mre/pt-br/canais_atendimento/imprensa/notas-a-imprensa/2019/declaracao-de-osaka-sobre-economia-digital;Relevante;;
Declaração de Osaka dos Líderes do G20;29/06/2019;https://www.gov.br/mre/pt-br/canais_atendimento/imprensa/notas-a-imprensa/2019/declaracao-de-osaka-dos-lideres-do-g20;Relevante;;
Comunicado conjunto dos Presidentes dos Estados Partes do MERCOSUL e Estados Associados;17/07/2019;https://www.gov.br/mre/pt-br/canais_atendimento/imprensa/notas-a-imprensa/2019/comunicado-conjunto-dos-presidentes-dos-estados-partes-do-mercosul-e-estados-associados-2;Relevante;;
Comércio Eletrônico na Organização Mundial do Comércio –Nota Conjunta dos Ministérios das Relações Exteriores e da Economia;11/10/2019;https://www.gov.br/mre/pt-br/canais_atendimento/imprensa/notas-a-imprensa/2019/comercio-eletronico-na-organizacao-mundial-do-comercio-nota-conjunta-dos-ministerios-das-relacoes-exteriores-e-da-economia;Relevante;;
XI Cúpula do BRICS – Brasília, 13 e 14 de novembro de 2019;11/11/2019;https://www.gov.br/mre/pt-br/canais_atendimento/imprensa/notas-a-imprensa/2019/xi-cupula-do-brics-brasilia-13-e-14-de-novembro-de-2019;Relevante;;
XI Cúpula do BRICS – Declaração de Brasília;14/11/2019;https://www.gov.br/mre/pt-br/canais_atendimento/imprensa/notas-a-imprensa/2019/declaracao-de-brasilia-11-cupula-do-brics;Relevante;;
MERCOSUL – Documentos adotados na Cúpula do Vale dos Vinhedos – Bento Gonçalves, 5 de dezembro de 2019;05/12/2019;https://www.gov.br/mre/pt-br/canais_atendimento/imprensa/notas-a-imprensa/2019/mercosul-documentos-adotados-na-cupula-do-vale-dos-vinhedos-bento-goncalves-5-de-dezembro-de-2019;Relevante;;
Processo de adesão à Convenção de Budapeste - Nota Conjunta do Ministério das Relações Exteriores e do Ministério da Justiça e Segurança Pública;11/12/2019;https://www.gov.br/mre/pt-br/canais_atendimento/imprensa/notas-a-imprensa/2019/processo-de-adesao-a-convencao-de-budapeste-nota-conjunta-do-ministerio-das-relacoes-exteriores-e-do-ministerio-da-justica-e-seguranca-publica;Relevante;;
III Conferência Ministerial Hemisférica de Luta contra o Terrorismo – Comunicado Conjunto;20/01/2020;https://www.gov.br/mre/pt-br/canais_atendimento/imprensa/notas-a-imprensa/2020/iii-conferencia-ministerial-hemisferica-de-luta-contra-o-terrorismo-comunicado-conjunto;Relevante;;
Cúpula extraordinária dos líderes do G20 - Declaração sobre COVID-19;26/03/2020;https://www.gov.br/mre/pt-br/canais_atendimento/imprensa/notas-a-imprensa/2020/cupula-extraordinaria-dos-lideres-do-g20-declaracao-sobre-covid-19;Relevante;;
Declaração Conjunta Brasil-Uruguai sobre cooperação para estabelecimento de plataformas comuns de proteção ao consumidor;15/07/2020;https://www.gov.br/mre/pt-br/canais_atendimento/imprensa/notas-a-imprensa/2020/declaracao-conjunta-brasil-uruguai-sobre-cooperacao-para-estabelecimento-de-plataformas-comuns-de-protecao-ao-consumidor;Relevante;;
Assinatura do Memorando de Entendimento entre o Brasil e o Chile sobre Cooperação na área de Telecomunicações e Economia Digital;24/07/2020;https://www.gov.br/mre/pt-br/canais_atendimento/imprensa/notas-a-imprensa/2020/assinatura-do-memorando-de-entendimento-entre-o-brasil-e-o-chile-sobre-cooperacao-na-area-de-telecomunicacoes-e-economia-digital;Relevante;;
V Diálogo Estratégico Brasil–Reino Unido – Comunicado Conjunto;09/10/2020;https://www.gov.br/mre/pt-br/canais_atendimento/imprensa/notas-a-imprensa/2020/v-dialogo-estrategico-brasil-reino-unido-comunicado-conjunto;Relevante;;
Assinatura de Pacote Comercial com os EUA – Nota Conjunta do Ministério das Relações Exteriores e do Ministério da Economia;19/10/2020;https://www.gov.br/mre/pt-br/canais_atendimento/imprensa/notas-a-imprensa/2020/nota-conjunta-do-ministerio-das-relacoes-exteriores-e-do-ministerio-da-economia-assinatura-de-pacote-comercial-com-os-eua;Relevante;;
Lançamento do Diálogo Trilateral Brasil-Estados Unidos-Japão (JUSBE);10/11/2020;https://www.gov.br/mre/pt-br/canais_atendimento/imprensa/notas-a-imprensa/2020/lancamento-do-dialogo-trilateral-brasil-estados-unidos-japao-jusbe;Relevante;;
XII Cúpula do BRICS;17/11/2020;https://www.gov.br/mre/pt-br/canais_atendimento/imprensa/notas-a-imprensa/2020/xii-cupula-do-brics;Relevante;;
Declaração de Moscou da XII Cúpula do BRICS;17/11/2020;https://www.gov.br/mre/pt-br/canais_atendimento/imprensa/notas-a-imprensa/2020/declaracao-de-moscou-da-xii-cupula-do-brics;Relevante;;
Declaração de Líderes do G20 da Cúpula de Riade – 22/11/2020;22/11/2020;https://www.gov.br/mre/pt-br/canais_atendimento/imprensa/notas-a-imprensa/2020/declaracao-de-lideres-do-g20-da-cupula-de-riade-2013-16-e-17-11-2020;Relevante;;
Assinado Acordo sobre Comércio Eletrônico do MERCOSUL – Nota Conjunta do Ministério das Relações Exteriores e do Ministério da Economia;30/04/2021;https://www.gov.br/mre/pt-br/canais_atendimento/imprensa/notas-a-imprensa/assinado-acordo-sobre-comercio-eletronico-do-mercosul-nota-conjunta-mre-mecon;Relevante;;
Adesão brasileira ao projeto do cabo de fibras óticas “Humboldt” — Nota Conjunta do Ministério das Relações Exteriores e do Ministério das Comunicações;13/05/2021;https://www.gov.br/mre/pt-br/canais_atendimento/imprensa/notas-a-imprensa/adesao-brasileira-ao-projeto-do-cabo-de-fibras-oticas-201chumboldt201d-nota-conjunta-do-ministerio-das-relacoes-exteriores-e-do-ministerio-das-comunicacoes;Relevante;;
XIII Cúpula do BRICS – Declaração de Nova Delhi;09/09/2021;https://www.gov.br/mre/pt-br/canais_atendimento/imprensa/notas-a-imprensa/xiii-cupula-brics-declaracao-de-nova-delhi;Relevante;;
Comunicado Conjunto Brasil-Argentina por ocasião da visita a Brasília do Ministro das Relações Exteriores, Comércio Internacional e Culto da Argentina;08/10/2021;https://www.gov.br/mre/pt-br/canais_atendimento/imprensa/notas-a-imprensa/comunicado-conjunto-brasil-argentina-por-ocasiao-da-visita-a-brasilia-do-ministro-das-relacoes-exteriores-comercio-internacional-e-culto-da-argentina;Relevante;;
Declaração dos Líderes do G20 Roma;02/11/2021;https://www.gov.br/mre/pt-br/canais_atendimento/imprensa/notas-a-imprensa/declaracao-dos-lideres-do-g20-roma;Relevante;;
Aprovação pelo Senado Federal da  Convenção de Budapeste sobre o Crime Cibernético;17/12/2021;https://www.gov.br/mre/pt-br/canais_atendimento/imprensa/notas-a-imprensa/aprovacao-pelo-senado-federal-da-convencao-de-budapeste-sobre-o-crime-cibernetico;Relevante;;
Comunicado Conjunto Dos Presidentes Dos Estados Partes Do Mercosul E Estados Associados;17/12/2021;https://www.gov.br/mre/pt-br/canais_atendimento/imprensa/notas-a-imprensa/comunicado-conjunto-dos-presidentes-dos-estados-partes-do-mercosul-e-estados-associados-1;Relevante;;
Nota conjunta do Ministério das Relações Exteriores, da Casa Civil e do Ministério da Economia - Brasil é convidado a iniciar processo de acessão à OCDE;25/01/2022;https://www.gov.br/mre/pt-br/canais_atendimento/imprensa/notas-a-imprensa/nota-conjunta-do-ministerio-das-relacoes-exteriores-da-casa-civil-e-do-ministerio-da-economia-brasil-e-convidado-a-iniciar-processo-de-acessao-a-ocde;Relevante;;
Seminário “A Cadeia Internacional de Semicondutores e o Brasil”;26/04/2022;https://www.gov.br/mre/pt-br/canais_atendimento/imprensa/notas-a-imprensa/seminario-201ca-cadeia-internacional-de-semicondutores-e-o-brasil201d;Relevante;;
"Declaração Conjunta do BRICS sobre o tema: “Fortalecer a Solidariedade e a Cooperação do BRICS; Responder às novas Características e Desafios da Situação Internacional”";19/05/2022;https://www.gov.br/mre/pt-br/canais_atendimento/imprensa/notas-a-imprensa/declaracao-conjunta-do-brics-sobre-o-tema-201cfortalecer-a-solidariedade-e-a-cooperacao-do-brics-responder-as-novas-caracteristicas-e-desafios-da-situacao-internacional201d;Relevante;;
Declaração de Pequim da XIV Cúpula do BRICS;24/06/2022;https://www.gov.br/mre/pt-br/canais_atendimento/imprensa/notas-a-imprensa/declaracao-de-pequim-da-xiv-cupula-do-brics;Relevante;;
Declaração Conjunta sobre Cooperação em Cadeias de Suprimentos Globais;21/07/2022;https://www.gov.br/mre/pt-br/canais_atendimento/imprensa/notas-a-imprensa/declaracao-conjunta-sobre-cooperacao-em-cadeias-de-suprimentos-globais;Relevante;;
Nota conjunta do Ministério das Relações Exteriores, da Casa Civil, do Ministério da Economia, da Secretaria-Geral da Presidência e da Secretaria de Governo - Conselho Brasil-OCDE;06/10/2022;https://www.gov.br/mre/pt-br/canais_atendimento/imprensa/notas-a-imprensa/nota-conjunta-do-ministerio-das-relacoes-exteriores-da-casa-civil-do-ministerio-da-economia-da-secretaria-geral-da-presidencia-e-da-secretaria-de-governo-conselho-brasil-ocde;Relevante;;
G20 Bali Leaders’ Declaration – Bali, Indonésia – 15 e 16 de novembro de 2022;17/11/2022;https://www.gov.br/mre/pt-br/canais_atendimento/imprensa/notas-a-imprensa/g20-bali-leaders2019-declaration-bali-indonesia-15-e-16-de-novembro-de-2022;Relevante;;
Atos assinados por ocasião da viagem do senhor Presidente da República à República Argentina - Buenos Aires, 23 de janeiro de 2023;23/01/2023;https://www.gov.br/mre/pt-br/canais_atendimento/imprensa/notas-a-imprensa/atos-assinados-por-ocasiao-da-viagem-do-senhor-presidente-da-republica-a-republica-argentina-buenos-aires-23-de-janeiro-de-2023;Relevante;;
Declaração Conjunta entre a República Federativa do Brasil e a República Popular da China sobre o Aprofundamento da Parceria Estratégica Global - Pequim, 14 de abril de 2023;14/04/2023;https://www.gov.br/mre/pt-br/canais_atendimento/imprensa/notas-a-imprensa/declaracao-conjunta-entre-a-republica-federativa-do-brasil-e-a-republica-popular-da-china-sobre-o-aprofundamento-da-parceria-estrategica-global-pequim-14-de-abril-de-2023;Relevante;;
Lista e íntegra dos atos assinados no Grande Palácio do Povo, por ocasião da visita do Presidente Luiz Inácio Lula da Silva à República Popular da China;14/04/2023;https://www.gov.br/mre/pt-br/canais_atendimento/imprensa/notas-a-imprensa/lista-e-integra-dos-atos-assinados-no-grande-palacio-do-povo-por-ocasiao-da-visita-do-presidente-luiz-inacio-lula-da-silva-a-republica-popular-da-china;Relevante;;
Lista e íntegra dos atos assinados no Centro Cultural de Belém, em 22 de abril de 2023, por ocasião da visita do Presidente Luiz Inácio Lula da Silva a Portugal;22/04/2023;https://www.gov.br/mre/pt-br/canais_atendimento/imprensa/notas-a-imprensa/lista-e-integra-dos-atos-assinados-no-centro-cultural-de-belem-em-22-de-abril-de-2023-por-ocasiao-da-visita-do-presidente-luiz-inacio-lula-da-silva-a-portugal;Relevante;;
Lista e íntegra dos atos assinados por ocasião da visita do Presidente Luiz Inácio Lula da Silva ao Reino da Espanha;26/04/2023;https://www.gov.br/mre/pt-br/canais_atendimento/imprensa/notas-a-imprensa/lista-e-integra-dos-atos-assinados-por-ocasiao-da-visita-do-presidente-luiz-inacio-lula-da-silva-ao-reino-da-espanha;Relevante;;
Consenso de Brasília – 30 de maio de 2023;30/05/2023;https://www.gov.br/mre/pt-br/canais_atendimento/imprensa/notas-a-imprensa/consenso-de-brasilia-2013-30-de-maio-de-2023;Relevante;;
Declaração Conjunta do Cabo da Boa Esperança – Ministros das Relações Exteriores e Relações Internacionais do BRICS – Cidade do Cabo, África do Sul, 1º de junho de 2023;02/06/2023;https://www.gov.br/mre/pt-br/canais_atendimento/imprensa/notas-a-imprensa/declaracao-conjunta-do-cabo-da-boa-esperanca-2013-ministros-das-relacoes-exteriores-e-relacoes-internacionais-do-brics-2013-cidade-do-cabo-africa-do-sul-1o-de-junho-de-2023;Relevante;;
Comunicado Conjunto dos Estados Partes Argentina, Brasil e Paraguai;04/07/2023;https://www.gov.br/mre/pt-br/canais_atendimento/imprensa/notas-a-imprensa/comunicado-conjunto-dos-presidentes-dos-estados-partes-do-mercosur-argentina-brasil-e-paraguai;Relevante;;
Declaração Conjunta sobre a Aliança Digital América Latina e Caribe - União Europeia;17/07/2023;https://www.gov.br/mre/pt-br/canais_atendimento/imprensa/notas-a-imprensa/declaracao-conjunta-sobre-a-alianca-digital-america-latina-e-caribe-uniao-europeia-traducao-nao-oficial;Relevante;;
Declaração da Cúpula CELAC-UE 2023;18/07/2023;https://www.gov.br/mre/pt-br/canais_atendimento/imprensa/notas-a-imprensa/declaracao-da-cupula-celac-ue-2023;Relevante;;
Declaração Presidencial por ocasião da Cúpula da Amazônia – IV Reunião de Presidentes dos Estados Partes no Tratado de Cooperação Amazônica;08/08/2023;https://www.gov.br/mre/pt-br/canais_atendimento/imprensa/notas-a-imprensa/declaracao-presidencial-por-ocasiao-da-cupula-da-amazonia-2013-iv-reuniao-de-presidentes-dos-estados-partes-no-tratado-de-cooperacao-amazonica;Relevante;;
Declaração de Joanesburgo II - Sandton, Gauteng, África do Sul - 23 de agosto de 2023;24/08/2023;https://www.gov.br/mre/pt-br/canais_atendimento/imprensa/notas-a-imprensa/declaracao-de-joanesburgo-ii-sandton-gauteng-africa-do-sul-23-de-agosto-de-2023;Relevante;;
Atos assinados por ocasião da visita de Estado do senhor Presidente da República, Luiz Inácio Lula da Silva, a Angola;25/08/2023;https://www.gov.br/mre/pt-br/canais_atendimento/imprensa/notas-a-imprensa/atos-assinados-por-ocasiao-da-visita-de-estado-do-senhor-presidente-da-republica-luiz-inacio-lula-da-silva-a-angola;Relevante;;
Adesão do Brasil à Parceria Internacional para a Informação e a Democracia;31/08/2023;https://www.gov.br/mre/pt-br/canais_atendimento/imprensa/notas-a-imprensa/adesao-do-brasil-a-parceria-internacional-para-a-informacao-e-a-democracia;Relevante;;
Declaração de Líderes do G20 de Nova Delhi - Nova Delhi, Índia - 9 e 10 de setembro de 2023;09/09/2023;https://www.gov.br/mre/pt-br/canais_atendimento/imprensa/notas-a-imprensa/declaracao-de-lideres-do-g20-de-nova-delhi-nova-delhi-india-9-e-10-de-setembro-de-2023;Relevante;;
Declaração de Havana sobre “os desafios atuais para o desenvolvimento: o papel da ciência, da tecnologia e da inovação” (em inglês);16/09/2023;https://www.gov.br/mre/pt-br/canais_atendimento/imprensa/notas-a-imprensa/declaracao-de-havana-sobre-201cos-desafios-atuais-para-o-desenvolvimento-o-papel-da-ciencia-da-tecnologia-e-da-inovacao201d-em-ingles;Relevante;;
Comunicado Conjunto dos Presidentes dos Estados Partes do Mercosul e Bolívia;07/12/2023;https://www.gov.br/mre/pt-br/canais_atendimento/imprensa/notas-a-imprensa/comunicado-conjunto-dos-presidentes-dos-estados-partes-do-mercosul-e-bolivia;Relevante;;
Declaração Especial dos Presidentes do MERCOSUL sobre Democracia e Integridade da Informação em Ambientes Digitais;08/12/2023;https://www.gov.br/mre/pt-br/canais_atendimento/imprensa/notas-a-imprensa/declaracao-especial-dos-presidentes-do-mercosul-sobre-democracia-e-integridade-da-informacao-em-ambientes-digitais;Relevante;;
Adoção do Documento “Áreas de Cooperação Prática” no âmbito da Parceria de Diálogo Setorial Brasil-Asean;15/12/2023;https://www.gov.br/mre/pt-br/canais_atendimento/imprensa/notas-a-imprensa/adocao-do-documento-201careas-de-cooperacao-pratica201d-no-ambito-da-parceria-de-dialogo-setorial-brasil-asean;Relevante;;
Discurso do Ministro Mauro Vieira por ocasião da reunião de ministros de Relações Exteriores do G20 – Rio de Janeiro, 21 de fevereiro de 2024;21/02/2024;https://www.gov.br/mre/pt-br/canais_atendimento/imprensa/notas-a-imprensa/discurso-do-ministro-mauro-vieira-por-ocasiao-da-reuniao-de-ministros-de-relacoes-exteriores-do-g20-2013-rio-de-janeiro-21-de-fevereiro-de-2024;Relevante;;
Declaração Conjunta e Declaração de Seguimento da Parceria Estratégica Renovada Brasil - Espanha;06/03/2024;https://www.gov.br/mre/pt-br/canais_atendimento/imprensa/notas-a-imprensa/declaracao-conjunta-e-declaracao-de-seguimento-da-parceria-estrategica-renovada-brasil-espanha;Relevante;;
Atos adotados por ocasião da visita ao Brasil do Presidente da França, Emmanuel Macron - 28 de março de 2024;28/03/2024;https://www.gov.br/mre/pt-br/canais_atendimento/imprensa/notas-a-imprensa/atos-adotados-por-ocasiao-da-visita-do-presidente-da-franca-emmanuel-macron-ao-brasil;Relevante;;
Declaração Conjunta dos Presidentes de Brasil e Colômbia;17/04/2024;https://www.gov.br/mre/pt-br/canais_atendimento/imprensa/notas-a-imprensa/declaracao-conjunta-dos-presidentes-de-brasil-e-colombia;Relevante;;
Atos adotados por ocasião da visita do presidente Luiz Inácio Lula da Silva à Colômbia — Bogotá, 17 de abril de 2024;18/04/2024;https://www.gov.br/mre/pt-br/canais_atendimento/imprensa/notas-a-imprensa/atos-adotados-por-ocasiao-da-visita-do-presidente-luiz-inacio-lula-da-silva-a-colombia-2014-bogota-17-de-abril-de-2024;Relevante;;
Atos adotados por ocasião da visita da Ministra de Relações Internacionais e Cooperação da África do Sul, Naledi Pandor;23/04/2024;https://www.gov.br/mre/pt-br/canais_atendimento/imprensa/notas-a-imprensa/atos-adotados-por-ocasiao-da-visita-da-chanceler-da-africa-do-sul-brasilia-23-de-abril-de-2024;Relevante;;
Comunicado Conjunto sobre o Fortalecimento da  Parceria Estratégica e Global Brasil -Japão;03/05/2024;https://www.gov.br/mre/pt-br/canais_atendimento/imprensa/notas-a-imprensa/comunicado-conjunto-sobre-o-fortalecimento-da-parceria-estrategica-e-global-brasil-japao;Relevante;;
Declaração Conjunta dos Presidentes do Estado Plurinacional da Bolívia e da República Federativa do Brasil - Santa Cruz, 9 de julho de 2024;09/07/2024;https://www.gov.br/mre/pt-br/canais_atendimento/imprensa/notas-a-imprensa/declaracao-conjunta-dos-presidentes-do-estado-plurinacional-da-bolivia-e-da-republica-federativa-do-brasil-santa-cruz-9-de-julho-de-2024;Relevante;;
Comunicado Conjunto da XXIX Reunião Ordinária do Conselho de Ministros da Comunidade dos Países de Língua Portuguesa - São Tomé, 19 de julho de 2024;19/07/2024;https://www.gov.br/mre/pt-br/canais_atendimento/imprensa/notas-a-imprensa/comunicado-conjunto-da-xxix-reuniao-ordinaria-do-conselho-de-ministros-da-comunidade-dos-paises-de-lingua-portuguesa-sao-tome-19-de-julho-de-2024;Relevante;;
Declaração Conjunta dos Presidentes da República Federativa do Brasil, Luiz Inácio Lula da Silva, e da República do Chile, Gabriel Boric Font;05/08/2024;https://www.gov.br/mre/pt-br/canais_atendimento/imprensa/notas-a-imprensa/declaracao-conjunta-dos-presidentes-da-republica-federativa-do-brasil-luiz-inacio-lula-da-silva-e-da-republica-do-chile-gabriel-boric-font;Relevante;;
Participação do Brasil na Cúpula do Futuro;22/09/2024;https://www.gov.br/mre/pt-br/canais_atendimento/imprensa/notas-a-imprensa/participacao-do-brasil-na-cupula-do-futuro;Relevante;;
Reunião de ministros das Relações Exteriores do IBAS à margem da 79ª AGNU – Nova York, 26 de setembro de 2024 – comunicado à imprensa;26/09/2024;https://www.gov.br/mre/pt-br/canais_atendimento/imprensa/notas-a-imprensa/reuniao-de-ministros-das-relacoes-exteriores-do-ibas-a-margem-da-79a-agnu-2013-nova-york-26-de-setembro-de-2024-2013-comunicado-a-imprensa;Relevante;;
XVI Cúpula do BRICS – Kazan, Rússia, 22 a 24 de outubro de 2024 - Declaração Final;23/10/2024;https://www.gov.br/mre/pt-br/canais_atendimento/imprensa/notas-a-imprensa/xvi-cupula-do-brics-2013-kazan-russia-22-a-24-de-outubro-de-2024-declaracao-final;Relevante;;
Declaração sobre Infraestrutura Pública Digital, IA e Dados para Governança – Comunicado conjunto de Brasil, África do Sul e Índia;19/11/2024;https://www.gov.br/mre/pt-br/canais_atendimento/imprensa/notas-a-imprensa/declaracao-sobre-infraestrutura-publica-digital-ia-e-dados-para-governanca-2013-comunicado-conjunto-de-brasil-africa-do-sul-e-india;Relevante;;
Reunião de líderes do IBAS – Comunicado de Imprensa – Rio de Janeiro, 19 de novembro de 2024;19/11/2024;https://www.gov.br/mre/pt-br/canais_atendimento/imprensa/notas-a-imprensa/reuniao-de-lideres-do-ibas-2013-comunicado-de-imprensa-2013-rio-de-janeiro-19-de-novembro-de-2024;Relevante;;
Atos adotados por ocasião da visita de estado ao Brasil do Presidente da China, Xi Jinping – 20 de novembro de 2024;20/11/2024;https://www.gov.br/mre/pt-br/canais_atendimento/imprensa/notas-a-imprensa/atos-adotados-por-ocasiao-da-visita-de-estado-ao-brasil-do-presidente-da-china-xi-jinping-2013-20-de-novembro-de-2024-1;Relevante;;
Comunicado conjunto Brasil - Emirados Árabes Unidos por ocasião da reunião de líderes do G20;27/11/2024;https://www.gov.br/mre/pt-br/canais_atendimento/imprensa/notas-a-imprensa/comunicado-conjunto-brasil-emirados-arabes-unidos-por-ocasiao-da-reuniao-de-lideres-do-g20;Relevante;;
Comunicado Conjunto dos Presidentes dos Estados Partes do Mercosul;06/12/2024;https://www.gov.br/mre/pt-br/canais_atendimento/imprensa/notas-a-imprensa/comunicado-conjunto-dos-presidentes-dos-estados-partes-do-mercosul;Relevante;;
Diálogo Digital Brasil – União Europeia – Comunicado Conjunto – Bruxelas, 12 de fevereiro;12/02/2025;https://www.gov.br/mre/pt-br/canais_atendimento/imprensa/notas-a-imprensa/dialogo-digital-brasil-2013-uniao-europeia-2013-comunicado-conjunto-2013-bruxelas-12-de-fevereiro;Relevante;;
I Comissão Permanente Bilateral Brasil-Espanha – Ata Final – Madri, 17 de fevereiro;17/02/2025;https://www.gov.br/mre/pt-br/canais_atendimento/imprensa/notas-a-imprensa/i-comissao-permanente-bilateral-brasil-espanha-2013-ata-final-2013-madri-17-de-fevereiro;Relevante;;
Discurso do Ministro Mauro Vieira por ocasião da segunda sessão da reunião de Ministros das Relações Exteriores do G20 – Joanesburgo, 21/02/25;21/02/2025;https://www.gov.br/mre/pt-br/canais_atendimento/imprensa/notas-a-imprensa/discurso-do-ministro-mauro-vieira-por-ocasiao-da-segunda-sessao-da-reuniao-de-ministros-das-relacoes-exteriores-do-g20-2013-joanesburgo-21-02-25;Relevante;;
Discurso proferido pelo Ministro Mauro Vieira por ocasião da 1ª reunião de Sherpas do BRICS – Brasília, 25 de fevereiro;25/02/2025;https://www.gov.br/mre/pt-br/canais_atendimento/imprensa/notas-a-imprensa/discurso-proferido-pelo-ministro-mauro-vieira-por-ocasiao-da-1a-reuniao-de-sherpas-do-brics-2013-brasilia-25-de-fevereiro;Relevante;;
Assinatura de acordo de cooperação entre a Polícia Federal e a EUROPOL – Nota Conjunta MRE/MJSP;05/03/2025;https://www.gov.br/mre/pt-br/canais_atendimento/imprensa/notas-a-imprensa/assinatura-de-acordo-de-cooperacao-entre-a-policia-federal-e-a-europol-2013-nota-conjunta-mre-mjsp;Relevante;;
Seminário sobre economia de dados e desenvolvimento nacional – Nota Conjunta MRE/MDIC;18/03/2025;https://www.gov.br/mre/pt-br/canais_atendimento/imprensa/notas-a-imprensa/seminario-sobre-economia-de-dados-e-desenvolvimento-nacional-2013-nota-conjunta-mre-mdic;Relevante;;
Declaração Conjunta por ocasião da Visita de Estado do Presidente do Chile, Gabriel Boric, ao Brasil;24/04/2025;https://www.gov.br/mre/pt-br/canais_atendimento/imprensa/notas-a-imprensa/declaracao-conjunta-por-ocasiao-da-visita-de-estado-do-presidente-do-chile-gabriel-boric-ao-brasil;Relevante;;
Declaração da Presidência da Reunião de Ministros das Relações Exteriores dos Países Membros do BRICS;29/04/2025;https://www.gov.br/mre/pt-br/canais_atendimento/imprensa/notas-a-imprensa/declaracao-da-presidencia-da-reuniao-de-ministros-das-relacoes-exteriores-relacoes-internacionais-dos-paises-membros-do-brics;Relevante;;
Declaração Conjunta por ocasião da visita de Estado do Presidente Luiz Inácio Lula da Silva a Pequim – 12 e 13 de maio de 2025;13/05/2025;https://www.gov.br/mre/pt-br/canais_atendimento/imprensa/notas-a-imprensa/declaracao-conjunta-por-ocasiao-da-visita-de-estado-do-presidente-luiz-inacio-lula-da-silva-a-pequim-12-e-13-de-maio-de-2025;Relevante;;
Participação do Ministro Mauro Vieira em reuniões ministeriais da OCDE e da OMC em Paris;02/06/2025;https://www.gov.br/mre/pt-br/canais_atendimento/imprensa/notas-a-imprensa/participacao-do-ministro-mauro-vieira-em-reunioes-ministeriais-da-ocde-e-da-omc-em-paris;Relevante;;
Comunicado Conjunto da Cúpula Brasil–Caribe;13/06/2025;https://www.gov.br/mre/pt-br/canais_atendimento/imprensa/notas-a-imprensa/comunicado-conjunto-da-cupula-brasil2013caribe;Relevante;;
Declaração dos Líderes do BRICS sobre Governança Global da Inteligência Artificial;06/07/2025;https://www.gov.br/mre/pt-br/canais_atendimento/imprensa/notas-a-imprensa/declaracao-dos-lideres-do-brics-sobre-governanca-global-da-inteligencia-artificial;Relevante;;
Declaração de Líderes do BRICS — Rio de Janeiro, 06 de julho de 2025;06/07/2025;https://www.gov.br/mre/pt-br/canais_atendimento/imprensa/notas-a-imprensa/declaracao-de-lideres-do-brics-2014-rio-de-janeiro-06-de-julho-de-2025;Relevante;;
Parceria do BRICS para a Eliminação de Doenças Socialmente Determinadas;07/07/2025;https://www.gov.br/mre/pt-br/canais_atendimento/imprensa/notas-a-imprensa/parceria-do-brics-para-a-eliminacao-de-doencas-socialmente-determinadas;Relevante;;
Declaração conjunta por ocasião da visita de Estado do Primeiro-Ministro da Índia ao Brasil;08/07/2025;https://www.gov.br/mre/pt-br/canais_atendimento/imprensa/notas-a-imprensa/declaracao-conjunta-por-ocasiao-da-visita-de-estado-do-primeiro-ministro-da-india-ao-brasil;Relevante;;
Comunicado Conjunto entre a República Federativa do Brasil e a República da Indonésia  sobre o Fortalecimento da Parceria Estratégica Brasil–Indonésia;09/07/2025;https://www.gov.br/mre/pt-br/canais_atendimento/imprensa/notas-a-imprensa/comunicado-conjunto-entre-a-republica-federativa-do-brasil-e-a-republica-da-indonesia-sobre-o-fortalecimento-da-parceria-estrategica-brasil2013indonesia;Relevante;;
"Reunião de Alto Nível ""Democracia Sempre"" - Declaração Conjunta - Santiago, 21 de julho de 2025";21/07/2025;https://www.gov.br/mre/pt-br/canais_atendimento/imprensa/notas-a-imprensa/reuniao-de-alto-nivel-democracia-sempre-declaracao-conjunta-santiago-21-07-2025;Relevante;;
Declaração Conjunta dos Presidentes da República Federativa do Brasil e da República do Equador;20/08/2025;https://www.gov.br/mre/pt-br/canais_atendimento/imprensa/notas-a-imprensa/declaracao-conjunta-dos-presidentes-da-republica-federativa-do-brasil-e-da-republica-do-equador;Relevante;;
Declaração de Bogotá — V Reunião de Presidentes dos Estados Partes do Tratado de Cooperação Amazônica;23/08/2025;https://www.gov.br/mre/pt-br/canais_atendimento/imprensa/notas-a-imprensa/declaracao-de-bogota;Relevante;;
Eleição do novo diretor-geral da UNESCO, Khaled El-Enany;06/10/2025;https://www.gov.br/mre/pt-br/canais_atendimento/imprensa/notas-a-imprensa/eleicao-do-novo-diretor-geral-da-unesco-khaled-el-enany;Relevante;;
Seleção de projeto brasileiro ao Prêmio UNESCO para o Uso de Tecnologias da Informação e da Comunicação na Educação;09/10/2025;https://www.gov.br/mre/pt-br/canais_atendimento/imprensa/notas-a-imprensa/selecao-de-projeto-brasileiro-ao-premio-unesco-para-o-uso-de-tecnologias-da-informacao-e-da-comunicacao-na-educacao;Relevante;;
Seleção de brasileiro ao Prêmio da UNESCO para Pesquisa Científica sobre Ética na Inteligência Artificial;06/11/2025;https://www.gov.br/mre/pt-br/canais_atendimento/imprensa/notas-a-imprensa/selecao-de-brasileiro-ao-premio-da-unesco-para-pesquisa-cientifica-sobre-etica-na-inteligencia-artificial;Relevante;;
XIII Diálogo de Alto Nível sobre Direitos Humanos entre o Brasil e a União Europeia - Declaração Conjunta;07/11/2025;https://www.gov.br/mre/pt-br/canais_atendimento/imprensa/notas-a-imprensa/xiii-dialogo-de-alto-nivel-sobre-direitos-humanos-entre-o-brasil-e-a-ue-declaracao-conjunta;Relevante;;
Marco da Parceria Estratégica entre o Japão e o MERCOSUL;20/12/2025;https://www.gov.br/mre/pt-br/canais_atendimento/imprensa/notas-a-imprensa/marco-da-parceria-estrategica-entre-o-japao-e-o-mercosul;Relevante;;
Reino Unido sedia reunião de Diálogo Estratégico com o Brasil;22/05/2014;https://www.gov.br/mre/pt-br/canais_atendimento/imprensa/notas-a-imprensa/reino-unido-sedia-reuniao-de-dialogo-estrategico-com-o-brasil;Falso Positivo;Calendário/agenda de evento sem posicionamento substantivo sobre governança digital;(English version after the version in Portuguese) O Secretário do Exterior William Hague recebeu hoje o Ministro das Relações Exteriores do Brasil, Antonio de Aguiar Patriota, para a segunda reunião do Mecanismo de Diálogo Estratégico. Esta rodada de conversas realiza-se anualmente e foi concebida c
Documentos aprovados na I Reunião dos Ministros das Relações Exteriores do Foro CELAC-China - Pequim, 8 e 9 de janeiro de 2015 [inglês];12/01/2015;https://www.gov.br/mre/pt-br/canais_atendimento/imprensa/notas-a-imprensa/documentos-aprovados-na-i-reuniao-dos-ministros-das-relacoes-exteriores-do-foro-celac-china-pequim-8-e-9-de-janeiro-de-2015;Falso Positivo;Calendário/agenda de evento sem posicionamento substantivo sobre governança digital;BEIJING DECLARATION OF THE FIRST MINISTERIAL MEETING OF THE CELAC – CHINA FORUM CHINA-LATIN AMERICAN AND CARIBBEAN COUNTRIES COOPERATION PLAN (2015-2019) CELAC COMMUNIQUE IN CONDEMNATION OF THE TERRORISTS ATTACKS PERPETRATED IN FRANCE THE INSTITUTIONAL ARRANGEMENTS AND OPERATING RULES OF CELAC-CHINA
Visita ao Brasil do Secretário Especial para a América Latina e Assuntos Consulares, Passaporte e Vistos da Índia – Comunicado Conjunto – Brasília, 20 e 21 de julho de 2015;21/07/2015;https://www.gov.br/mre/pt-br/canais_atendimento/imprensa/notas-a-imprensa/visita-ao-brasil-do-secretario-especial-para-a-america-latina-e-assuntos-consulares-passaporte-e-vistos-da-india-comunicado-conjunto-brasilia-20-e-21-de-julho-de-2015;Falso Positivo;Calendário/agenda de evento sem posicionamento substantivo sobre governança digital;[Português]  [English] No dia 20 de julho de 2015, teve lugar, em Brasília, reunião bilateral entre o Subsecretário-Geral de Política II, Embaixador José Alfredo Graça Lima, e sua contraparte indiana, R. Swaminathan, Secretário Especial para a América Latina e Assuntos Consulares, Passaporte e Visto
Visita do Ministro das Relações Exteriores à Etiópia, ao Marrocos e à Tunísia – 8 a 11 de março de 2016;04/03/2016;https://www.gov.br/mre/pt-br/canais_atendimento/imprensa/notas-a-imprensa/viagem-do-ministro-das-relacoes-exteriores-a-etiopia-ao-marrocos-e-a-tunisia-8-a-11-de-marco-de-2016;Falso Positivo;Calendário/agenda de evento sem posicionamento substantivo sobre governança digital;O Ministro Mauro Vieira é recebido pelo Ministro das Relações Exteriores da Etiópia, Tedros Adhanom Ghebreyesus O Chanceler brasileiro deposita oferenda floral no túmulo do ex-Primeiro-Ministro Meles Zenawi, na Catedral da Santíssima Trindade, em Adis Abeba O Ministro Mauro Vieira é recebido pelo Pr
Intervenção do ministro das Relações Exteriores, José Serra, na reunião de chanceleres dos BRICS à margem da 71ª Assembleia Geral das Nações Unidas – Nova York, 20 de setembro de 2016 [Inglês];20/09/2016;https://www.gov.br/mre/pt-br/canais_atendimento/imprensa/notas-a-imprensa/intervencao-do-ministro-das-relacoes-exteriores-jose-serra-na-reuniao-de-chanceleres-dos-brics-a-margem-da-71-assembleia-geral-das-nacoes-unidas-nova-york-20-de-setembro-de-2016;Falso Positivo;Menção digital incidental em nota sobre outro tema (comércio, energia, agenda bilateral geral);I am very glad to attend, for the first time, the meeting of BRICS Foreign Ministers, on the sidelines of the UN General Assembly. May I start by congratulating India for the organization of the upcoming BRICS Summit in Goa, next October. We expect some very positive outcomes this year, including th
Visita do Presidente da República ao Paraguai - Assunção, 3 de outubro de 2016 - Ato Assinado;04/10/2016;https://www.gov.br/mre/pt-br/canais_atendimento/imprensa/notas-a-imprensa/visita-do-presidente-da-republica-ao-paraguai-ato-assinado;Falso Positivo;Calendário/agenda de evento sem posicionamento substantivo sobre governança digital;"MEMORANDO DE ENTENDIMENTO ENTRE O GOVERNO DA REPÚBLICA FEDERATIVA DO BRASIL E O GOVERNO DA REPÚBLICA DO PARAGUAI PARA A IMPLEMENTAÇÃO DO PROJETO “FORTALECIMENTO DA CONECTIVIDADE”   O Governo da República Federativa do Brasil  e O Governo da República do Paraguai  (doravante referidos como “Partes”);"
Visita do ministro Aloysio Nunes Ferreira aos Estados Unidos – Washington, 2 de junho de 2017;01/06/2017;https://www.gov.br/mre/pt-br/canais_atendimento/imprensa/notas-a-imprensa/visita-do-ministro-aloysio-nunes-ferreira-aos-estados-unidos-washington-2-de-junho-de-2017;Falso Positivo;Calendário/agenda de evento sem posicionamento substantivo sobre governança digital;O ministro das Relações Exteriores, Aloysio Nunes Ferreira, manterá reunião de trabalho com o secretário de Estado dos Estados Unidos, Rex Tillerson, em 2 de junho, em Washington. O encontro servirá para discutir a agenda bilateral e fazer um balanço da atualidade regional e de temas globais. O mini
Atos assinados por ocasião da visita do presidente Michel Temer à China – Pequim, 31 de agosto a 3 de setembro de 2017;03/09/2017;https://www.gov.br/mre/pt-br/canais_atendimento/imprensa/notas-a-imprensa/atos-assinados-por-ocasiao-da-visita-do-presidente-michel-temer-a-china-pequim-31-de-agosto-a-3-de-setembro-de-2017;Falso Positivo;Calendário/agenda de evento sem posicionamento substantivo sobre governança digital;"Durante a visita de estado do presidente Michel Temer à China, foram assinados os seguintes instrumentos: I – Acordo entre o governo da República Federativa do Brasil e o governo da República Popular da China sobre a facilitação de vistos de turista; II – Emenda ao acordo entre o governo da Repúblic"
Reunião ministerial da OMC em Marraquexe;08/10/2017;https://www.gov.br/mre/pt-br/canais_atendimento/imprensa/notas-a-imprensa/reuniao-ministerial-da-omc-em-marraquexe;Falso Positivo;Calendário/agenda de evento sem posicionamento substantivo sobre governança digital;O ministro Aloysio Nunes Ferreira participa, em 9 e 10 de outubro, de reunião ministerial da OMC em Marraquexe, Marrocos, durante a qual se avaliará o estágio atual das negociações para a 11ª Conferência Ministerial da OMC que terá lugar em Buenos Aires em dezembro. Dentre as propostas que o Brasil 
LI Cúpula de Chefes de Estado do MERCOSUL e Estados Associados e LI Reunião Ordinária do Conselho do Mercado Comum do MERCOSUL;15/12/2017;https://www.gov.br/mre/pt-br/canais_atendimento/imprensa/notas-a-imprensa/li-cupula-de-chefes-de-estado-do-mercosul-e-estados-associados-e-li-reuniao-ordinaria-do-conselho-do-mercado-comum-do-mercosul;Falso Positivo;Calendário/agenda de evento sem posicionamento substantivo sobre governança digital;Será realizada em Brasília, no dia 21 de dezembro de 2017, a 51ª edição da Cúpula dos Chefes de Estado do MERCOSUL e Estados Associados. O encontro será precedido, no dia 20 de dezembro, pela Reunião do Conselho do Mercado Comum (CMC), órgão decisório de nível ministerial. A Cúpula de Chefes de Esta
Reunião Informal de Líderes do BRICS à margem do G20 – Osaka, 28 de junho de 2019;26/06/2019;https://www.gov.br/mre/pt-br/canais_atendimento/imprensa/notas-a-imprensa/2019/reuniao-informal-de-lideres-do-brics-a-margem-do-g20-osaka-28-de-junho-de-2019;Falso Positivo;Calendário/agenda de evento sem posicionamento substantivo sobre governança digital;Ocorrerá em Osaka, Japão, em 28 de junho, à margem da Cúpula do G20, reunião informal de líderes do BRICS. Como este último agrupamento é presidido pelo Brasil em 2019, o encontro será conduzido pelo presidente Jair Bolsonaro. Confirmaram presença na reunião o Presidente da Rússia, Vladi
Visita do Subsecretário para Crescimento Econômico, Energia e Meio Ambiente do Departamento de Estado dos EUA, Keith Krach, ao Brasil, de 9 a 11 de novembro de 2020;10/11/2020;https://www.gov.br/mre/pt-br/canais_atendimento/imprensa/notas-a-imprensa/2020/visita-do-subsecretario-para-crescimento-economico-energia-e-meio-ambiente-do-departamento-de-estado-dos-eua-keith-krach-ao-brasil-de-9-a-11-de-novembro-de-2020;Falso Positivo;Calendário/agenda de evento sem posicionamento substantivo sobre governança digital;O Brasil recebe, nos dias 9, 10 e 11 de novembro, a visita do subsecretário para Crescimento Econômico, Energia e Meio Ambiente do Departamento de Estado (DoS) dos EUA, Keith Krach. A visita constitui mais um marco no processo recente de adensamento da relação bilateral, em áreas como comércio
Segunda parte da Reunião Ministerial  do Conselho da OCDE;07/10/2021;https://www.gov.br/mre/pt-br/canais_atendimento/imprensa/notas-a-imprensa/segunda-parte-da-reuniao-ministerial-do-conselho-da-ocde;Falso Positivo;Calendário/agenda de evento sem posicionamento substantivo sobre governança digital;O Ministro das Relações Exteriores, Embaixador Carlos Alberto Franco França, chefiou a delegação brasileira de alto nível à Segunda Parte da Reunião Ministerial do Conselho da Organização para a Cooperação e Desenvolvimento Econômico (OCDE), realizada em Paris, nos dias 5 e 6 de outubro
LIX Cúpula de Chefes de Estado do MERCOSUL e Estados Associados e LIX Reunião Ordinária do Conselho do Mercado Comum - Comunicado de Imprensa de Argentina, Brasil e Paraguai;17/12/2021;https://www.gov.br/mre/pt-br/canais_atendimento/imprensa/notas-a-imprensa/lix-cupula-de-chefes-de-estado-do-mercosul-e-estados-associados-e-lix-reuniao-ordinaria-do-conselho-do-mercado-comum-comunicado-de-imprensa-de-argentina-brasil-e-paraguai;Falso Positivo;Calendário/agenda de evento sem posicionamento substantivo sobre governança digital;A propósito da realização, no último dia 17 de dezembro, da 59a edição da Cúpula de Chefes de Estado do MERCOSUL e Estados Associados, precedida, no dia anterior, de reunião ordinária do Conselho do Mercado Comum, os governos de Argentina, Brasil e Paraguai reiteram seu compromisso com o ME
Discurso do Ministro das Relações Exteriores por ocasião da LXII Reunião Ordinária do Conselho do Mercado Comum (CMC) - Sessão com Estados Partes - Puerto Iguazú, 3 de julho de 2023;03/07/2023;https://www.gov.br/mre/pt-br/canais_atendimento/imprensa/notas-a-imprensa/discurso-do-ministro-das-relacoes-exteriores-por-ocasiao-da-lxii-reuniao-ordinaria-do-conselho-do-mercado-comum-cmc-puerto-iguazu-3-de-julho-de-2023;Falso Positivo;Calendário/agenda de evento sem posicionamento substantivo sobre governança digital;Senhores Ministros, É uma grande alegria estar em Puerto Iguazú participando desta reunião do Conselho do Mercado Comum e, amanhã, da reunião de Cúpula que encerrará os trabalhos da presidência “pro tempore” argentina. Quero inicialmente agradecer ao meu colega Santiago Cafiero e a toda sua 
XIX Reunião do Conselho de Ministros da ALADI;18/08/2023;https://www.gov.br/mre/pt-br/canais_atendimento/imprensa/notas-a-imprensa/xix-reuniao-do-conselho-de-ministros-da-aladi;Falso Positivo;Calendário/agenda de evento sem posicionamento substantivo sobre governança digital;Realizou-se, em 18 de agosto, em Montevidéu, a Décima Nona Reunião do Conselho de Ministros de Relações Exteriores da Associação Latino-Americana de Integração (ALADI), com a participação de chanceleres e autoridades dos 13 países-membros da Associação. A delegação brasileira foi lid
Reunião de Chanceleres do BRICS à margem da 78ª Sessão da Assembleia Geral das Nações Unidas – Comunicado Conjunto – Nova York, 20 de setembro de 2023;20/09/2023;https://www.gov.br/mre/pt-br/canais_atendimento/imprensa/notas-a-imprensa/reuniao-dos-chanceleres-do-brics-a-margem-da-78a-sessao-da-assembleia-geral-das-nacoes-unidas-2013-comunicado-a-imprensa-2013-nova-york-20-de-setembro-de-2023;Falso Positivo;Calendário/agenda de evento sem posicionamento substantivo sobre governança digital;1.             The BRICS Ministers of Foreign Affairs/International Relations held their annual meeting on the margins of the 78th Session of the United Nations General Assembly (UNGA 78) on 20 September 2023, chaired by the Russian Federation in its capacity as the incoming BRICS Chair for 2024. 2.
11ª Reunião da Comissão Ministerial Trilateral do Fórum de Diálogo Índia-Brasil-África do Sul (IBAS) - Nova York, 22 de setembro de 2023;22/09/2023;https://www.gov.br/mre/pt-br/canais_atendimento/imprensa/notas-a-imprensa/11a-reuniao-da-comissao-ministerial-trilateral-do-forum-de-dialogo-india-brasil-africa-do-sul-ibas-nova-york-22-de-setembro-de-2023;Falso Positivo;Calendário/agenda de evento sem posicionamento substantivo sobre governança digital;1.  The Minister of External Affairs of the Republic of India, H.E Dr. S. Jaishankar, the Minister of Foreign Affairs of the Federative Republic of Brazil, H.E Amb. Mauro Vieira, and the Minister of International Relations and Cooperation of the Republic of South Africa H.E, Dr. Grace Naledi Pandor,
Declaração Ministerial da 47ª reunião anual do G77 - Nova York, 22 de setembro de 2023;23/09/2023;https://www.gov.br/mre/pt-br/canais_atendimento/imprensa/notas-a-imprensa/declaracao-ministerial-no-contexto-da-47a-reuniao-annual-do-g77-nova-york-22-de-setembro-de-2023;Falso Positivo;Calendário/agenda de evento sem posicionamento substantivo sobre governança digital;1.         The Ministers for Foreign Affairs of the States members of the Group of 77 and China met on 22 September 2023, at the UN Headquarters in New York on the occasion of their forty-seventh annual meeting. The Ministers discussed the repercussions of current geo-political tensions, reviewed th
Comunicado conjunto por ocasião da conclusão da visita do Presidente do Brasil à Arábia Saudita – Riade, 30 de novembro de 2023;01/12/2023;https://www.gov.br/mre/pt-br/canais_atendimento/imprensa/notas-a-imprensa/comunicado-conjunto-por-ocasiao-da-conclusao-da-visita-do-presidente-do-brasil-a-arabia-saudita-2013-riade-30-de-novembro-de-2023;Falso Positivo;Calendário/agenda de evento sem posicionamento substantivo sobre governança digital;(Versão original em inglês) Joint Statement Issued at the Conclusion of the Visit of the President of Brazil to Saudi Arabia Based on the distinguished relations between the Kingdom of Saudi Arabia and the Federative Republic of Brazil and their friendly peoples, and at the kind invitation of the 
Segunda reunião de ministros das Relações Exteriores do G20 – Chamado à Ação sobre a Reforma da Governança Global - Nova York, 25 de setembro;25/09/2024;https://www.gov.br/mre/pt-br/canais_atendimento/imprensa/notas-a-imprensa/segunda-reuniao-de-ministros-das-relacoes-exteriores-do-g20-2013-chamado-a-acao-sobre-a-reforma-da-governanca-global-nova-york-25-de-setembro;Falso Positivo;Calendário/agenda de evento sem posicionamento substantivo sobre governança digital;Foi realizada em 25 de setembro, em Nova York, a segunda reunião de ministros das Relações Exteriores da presidência brasileira do G20, grupo formado pelas maiores economias do mundo, além da União Africana e da União Europeia. O encontro, que contou com a participação do Presidente Luiz In
Participação do Presidente Luiz Inácio Lula da Silva na Reunião de Alto Nível sobre Democracia, em Santiago;19/07/2025;https://www.gov.br/mre/pt-br/canais_atendimento/imprensa/notas-a-imprensa/participacao-do-presidente-luiz-inacio-lula-da-silva-na-reuniao-de-alto-nivel-sobre-democracia-em-santiago;Falso Positivo;Calendário/agenda de evento sem posicionamento substantivo sobre governança digital;O Presidente Luiz Inácio Lula da Silva participará, em 21 de julho de 2025, em Santiago, de reunião de alto nível sobre defesa da democracia, organizada pelo Presidente da República do Chile, Gabriel Boric. Estão igualmente confirmadas as presenças dos líderes de Colômbia, Espanha e Uruguai
